<?xml version="1.0" encoding="UTF-8"?>
<project-private xmlns="http://www.netbeans.org/ns/project-private/1">
    <editor-bookmarks xmlns="http://www.netbeans.org/ns/editor-bookmarks/2" lastBookmarkId="0"/>
    <open-files xmlns="http://www.netbeans.org/ns/projectui-open-files/2">
        <group>
            <file>file:/C:/Users/micha/Desktop/Coding/CIS-3308/LAB/LA07/Session_demo/web/webAPIs/getProfile.jsp</file>
            <file>file:/C:/Users/micha/Desktop/Coding/CIS-3308/LAB/LA07/Session_demo/web/webAPIs/login.jsp</file>
            <file>file:/C:/Users/micha/Desktop/Coding/CIS-3308/LAB/LA07/Session_demo/web/webAPIs/logoff.jsp</file>
            <file>file:/C:/Users/micha/Desktop/Coding/CIS-3308/LAB/LA07/Session_demo/web/index.html</file>
        </group>
    </open-files>
</project-private>
