<?xml version="1.0" encoding="UTF-8"?>
<project-private xmlns="http://www.netbeans.org/ns/project-private/1">
    <editor-bookmarks xmlns="http://www.netbeans.org/ns/editor-bookmarks/2" lastBookmarkId="0"/>
    <open-files xmlns="http://www.netbeans.org/ns/projectui-open-files/2">
        <group>
            <file>file:/C:/Users/sallyk/Documents/NetBeansProjects/3308_09b_update_activity/web/URL_tamper_updateUser.html</file>
            <file>file:/C:/Users/sallyk/Documents/NetBeansProjects/3308_09b_update_activity/web/index.html</file>
            <file>file:/C:/Users/sallyk/Documents/NetBeansProjects/3308_09b_update_activity/web/webAPIs/updateUserAPI.jsp</file>
            <file>file:/C:/Users/sallyk/Documents/NetBeansProjects/3308_09b_update_activity/web/webAPIs/getUserByIdAPI.jsp</file>
            <file>file:/C:/Users/sallyk/Documents/NetBeansProjects/3308_09b_update_activity/web/URL_tamper_getUserById.html</file>
        </group>
    </open-files>
</project-private>
