<?xml version="1.0" encoding="UTF-8"?>
<project-private xmlns="http://www.netbeans.org/ns/project-private/1">
    <editor-bookmarks xmlns="http://www.netbeans.org/ns/editor-bookmarks/2" lastBookmarkId="0"/>
    <open-files xmlns="http://www.netbeans.org/ns/projectui-open-files/2">
        <group>
            <file>file:/C:/Users/micha/Desktop/Coding/CIS-3308/LAB/3308_update_activity/3308_09b_update_activity/web/index.html</file>
            <file>file:/C:/Users/micha/Desktop/Coding/CIS-3308/LAB/3308_update_activity/3308_09b_update_activity/web/webAPIs/listUsersAPI.jsp</file>
            <file>file:/C:/Users/micha/Desktop/Coding/CIS-3308/LAB/3308_update_activity/3308_09b_update_activity/web/webAPIs/getUserByIdAPI.jsp</file>
            <file>file:/C:/Users/micha/Desktop/Coding/CIS-3308/LAB/3308_update_activity/3308_09b_update_activity/src/java/dbUtils/DbConn.java</file>
            <file>file:/C:/Users/micha/Desktop/Coding/CIS-3308/LAB/3308_update_activity/3308_09b_update_activity/src/java/view/AlbumView.java</file>
            <file>file:/C:/Users/micha/Desktop/Coding/CIS-3308/LAB/3308_update_activity/3308_09b_update_activity/web/webAPIs/updateUserAPI.jsp</file>
        </group>
    </open-files>
</project-private>
