<?xml version="1.0" encoding="UTF-8"?>
<project-private xmlns="http://www.netbeans.org/ns/project-private/1">
    <editor-bookmarks xmlns="http://www.netbeans.org/ns/editor-bookmarks/2" lastBookmarkId="0"/>
    <open-files xmlns="http://www.netbeans.org/ns/projectui-open-files/2">
        <group>
            <file>file:/C:/Users/sally/OneDrive%20-%20Temple%20University/Documents/NetBeansProjects/3308_10_delete_/web/index.html</file>
            <file>file:/C:/Users/sally/OneDrive%20-%20Temple%20University/Documents/NetBeansProjects/3308_10_delete_/web/js/content/liveUserContent.js</file>
            <file>file:/C:/Users/sally/OneDrive%20-%20Temple%20University/Documents/NetBeansProjects/3308_10_delete_/web/style/clickSort.css</file>
            <file>file:/C:/Users/sally/OneDrive%20-%20Temple%20University/Documents/NetBeansProjects/3308_10_delete_/web/js/reusable/MakeClickSortTable.js</file>
        </group>
    </open-files>
</project-private>
