<?xml version="1.0" encoding="UTF-8"?>
<project-private xmlns="http://www.netbeans.org/ns/project-private/1">
    <editor-bookmarks xmlns="http://www.netbeans.org/ns/editor-bookmarks/2" lastBookmarkId="0"/>
    <open-files xmlns="http://www.netbeans.org/ns/projectui-open-files/2">
        <group>
            <file>file:/C:/Users/micha/Desktop/Coding/CIS-3308/LAB/LA06/Ewing_LA6_ClickSort/web/js/extractPropsAndValues.js</file>
            <file>file:/C:/Users/micha/Desktop/Coding/CIS-3308/LAB/LA06/Ewing_LA6_ClickSort/web/question_A.html</file>
            <file>file:/C:/Users/micha/Desktop/Coding/CIS-3308/LAB/LA06/Ewing_LA6_ClickSort/web/index.html</file>
            <file>file:/C:/Users/micha/Desktop/Coding/CIS-3308/LAB/LA06/Ewing_LA6_ClickSort/web/question_C.html</file>
        </group>
    </open-files>
</project-private>
