<?xml version="1.0" encoding="UTF-8"?>
<project-private xmlns="http://www.netbeans.org/ns/project-private/1">
    <editor-bookmarks xmlns="http://www.netbeans.org/ns/editor-bookmarks/2" lastBookmarkId="0"/>
    <open-files xmlns="http://www.netbeans.org/ns/projectui-open-files/2">
        <group>
            <file>file:/C:/Users/micha/Desktop/Coding/CIS-3308/HW/Ewing_HW6/Ewing_HW6_Click_Sort/web/index.html</file>
            <file>file:/C:/Users/micha/Desktop/Coding/CIS-3308/HW/Ewing_HW6/Ewing_HW6_Click_Sort/web/js/content/blogContent.js</file>
        </group>
    </open-files>
</project-private>
